{
  "auc": 0.9428571428571428,
  "ci_lo": 0.8894924140430821,
  "ci_hi": 0.9767979978612826,
  "best_params": {
    "C": 0.001
  }
}