{
  "observed_auc": 0.9000387096774194,
  "p_value": 0.004975124378109453,
  "n_permutations": 200,
  "null_mean": 0.503916162759838
}